american_football.football_historical_coach_position	2
american_football.game_passing_statistics	2
american_football.game_receiving_statistics	2
american_football.game_rushing_statistics	2
american_football.player_game_statistics	2
american_football.player_passing_statistics	2
american_football.player_receiving_statistics	2
american_football.player_rushing_statistics	2
architecture.occupancy	2
architecture.ownership	2
aviation.airline_airport_presence.airport/aviation.airline_airport_presence.airline	2
aviation.airline_airport_presence.cities_served/aviation.airline_airport_presence.airline	2
aviation.airline_airport_presence.cities_served/aviation.airline_airport_presence.airport	2
aviation.aviation_incident_aircraft_relationship.flight_origin/aviation.aviation_incident_aircraft_relationship.flight_destination	2
aviation.aviation_incident_aircraft_relationship.flight_origin/aviation.aviation_incident_aircraft_relationship.incident	2
aviation.aviation_incident_aircraft_relationship.flight_origin/aviation.aviation_incident_aircraft_relationship.operator	2
aviation.aviation_incident_aircraft_relationship.incident/aviation.aviation_incident_aircraft_relationship.flight_destination	2
aviation.aviation_incident_aircraft_relationship.incident/aviation.aviation_incident_aircraft_relationship.operator	2
aviation.aviation_incident_aircraft_relationship.operator/aviation.aviation_incident_aircraft_relationship.flight_destination	2
award.award_honor.achievement_level/award.award_honor.award	2
award.award_honor.achievement_level/award.award_honor.award_winner	2
award.award_honor.achievement_level/award.award_honor.ceremony	2
award.award_honor.achievement_level/award.award_honor.honored_for	2
award.award_honor.award/award.award_honor.ceremony	2
award.award_honor.award_winner/award.award_honor.award	2
award.award_honor.award_winner/award.award_honor.ceremony	2
award.award_honor.award_winner/award.award_honor.honored_for	2
award.award_honor.honored_for/award.award_honor.award	2
award.award_honor.honored_for/award.award_honor.ceremony	2
award.award_judging_term	2
award.award_nomination.award/award.award_nomination.award_nominee	2
award.award_nomination.award/award.award_nomination.nominated_for	2
award.award_nomination.award_nominee/award.award_nomination.nominated_for	2
award.award_nomination.ceremony/award.award_nomination.award	2
award.award_nomination.ceremony/award.award_nomination.award_nominee	2
award.award_nomination.ceremony/award.award_nomination.nominated_for	2
award.category_ceremony_relationship	2
award.hall_of_fame_induction.category/award.hall_of_fame_induction.hall_of_fame	2
award.hall_of_fame_induction.inductee/award.hall_of_fame_induction.category	2
award.hall_of_fame_induction.inductee/award.hall_of_fame_induction.hall_of_fame	2
award.long_list_nomination.nominated_work/award.long_list_nomination.award	2
award.long_list_nomination.nominated_work/award.long_list_nomination.nominee	2
award.long_list_nomination.nominee/award.long_list_nomination.award	2
award.ranking	2
base.adoption.adoption	2
base.americancomedy.comedy_group_membership	2
base.animalnames.animal_specific_name_relationship.gender/base.animalnames.animal_specific_name_relationship.animal	2
base.animalnames.animal_specific_name_relationship.specific_name/base.animalnames.animal_specific_name_relationship.animal	2
base.animalnames.animal_specific_name_relationship.specific_name/base.animalnames.animal_specific_name_relationship.gender	2
base.arthist.provenienciaadat.helynev/base.arthist.provenienciaadat.mutargy	2
base.arthist.provenienciaadat.intezmeny/base.arthist.provenienciaadat.helynev	2
base.arthist.provenienciaadat.intezmeny/base.arthist.provenienciaadat.mutargy	2
base.athletics.athletics_championships_competition_athlete_relationship.athlete_s/base.athletics.athletics_championships_competition_athlete_relationship.country	2
base.athletics.athletics_championships_competition_athlete_relationship.athlete_s/base.athletics.athletics_championships_competition_athlete_relationship.event	2
base.athletics.athletics_championships_competition_athlete_relationship.championships/base.athletics.athletics_championships_competition_athlete_relationship.athlete_s	2
base.athletics.athletics_championships_competition_athlete_relationship.championships/base.athletics.athletics_championships_competition_athlete_relationship.country	2
base.athletics.athletics_championships_competition_athlete_relationship.championships/base.athletics.athletics_championships_competition_athlete_relationship.event	2
base.athletics.athletics_championships_competition_athlete_relationship.country/base.athletics.athletics_championships_competition_athlete_relationship.event	2
base.aubreymaturin.affliction.malady/base.aubreymaturin.affliction.treatment	2
base.aubreymaturin.affliction.sufferer/base.aubreymaturin.affliction.malady	2
base.aubreymaturin.affliction.sufferer/base.aubreymaturin.affliction.treatment	2
base.bioventurist.bv_investment_round.company_invested/base.bioventurist.bv_investment_round.currency	2
base.bioventurist.bv_investment_round.investment_round/base.bioventurist.bv_investment_round.company_invested	2
base.bioventurist.bv_investment_round.investment_round/base.bioventurist.bv_investment_round.currency	2
base.bioventurist.bv_investment_round.investment_round/base.bioventurist.bv_investment_round.investors	2
base.bioventurist.bv_investment_round.investors/base.bioventurist.bv_investment_round.company_invested	2
base.bioventurist.bv_investment_round.investors/base.bioventurist.bv_investment_round.currency	2
base.bioventurist.sales	2
base.brothels.prostitute_employment_tenure	2
base.catalog.music_catalog_entry	2
base.column.column_periodical_duration	2
base.column.column_syndicate_duration	2
base.conservation.protected_species_status.protected_species/base.conservation.protected_species_status.in_list	2
base.conservation.protected_species_status.status_designation/base.conservation.protected_species_status.in_list	2
base.conservation.protected_species_status.status_designation/base.conservation.protected_species_status.protected_species	2
base.conservationaction.documented_priority_species.location/base.conservationaction.documented_priority_species.priority_level	2
base.conservationaction.documented_priority_species.location/base.conservationaction.documented_priority_species.source	2
base.conservationaction.documented_priority_species.source/base.conservationaction.documented_priority_species.priority_level	2
base.conservationaction.documented_priority_species.taxa/base.conservationaction.documented_priority_species.location	2
base.conservationaction.documented_priority_species.taxa/base.conservationaction.documented_priority_species.priority_level	2
base.conservationaction.documented_priority_species.taxa/base.conservationaction.documented_priority_species.source	2
base.contractbridge.bridge_tournament_standings.first_place/base.contractbridge.bridge_tournament_standings.second_place	2
base.contractbridge.bridge_tournament_standings.tournament/base.contractbridge.bridge_tournament_standings.first_place	2
base.contractbridge.bridge_tournament_standings.tournament/base.contractbridge.bridge_tournament_standings.second_place	2
base.crime.crime_accusation.accuser/base.crime.crime_accusation.crime	2
base.crime.crime_accusation.accuser/base.crime.crime_accusation.suspect	2
base.crime.crime_accusation.crime/base.crime.crime_accusation.suspect	2
base.cycleroute.cycle_route_connection	2
base.dancegroups.dance_group_membership	2
base.datedlocationtest.dated_location_break_up	2
base.datedlocationtest.dated_location_merger	2
base.datedlocationtest.dated_location_split	2
base.ecology.symbiotic_relationship	2
base.endorsements.newspaper_endorsement.election/base.endorsements.newspaper_endorsement.endorsee	2
base.endorsements.newspaper_endorsement.election/base.endorsements.newspaper_endorsement.newspaper	2
base.endorsements.newspaper_endorsement.endorsee/base.endorsements.newspaper_endorsement.newspaper	2
base.endorsements.personal_endorsement.endorsee/base.endorsements.personal_endorsement.election	2
base.endorsements.personal_endorsement.endorsee/base.endorsements.personal_endorsement.endorser	2
base.endorsements.personal_endorsement.endorser/base.endorsements.personal_endorsement.election	2
base.entertainmentutilities.nomination_metadata	2
base.esports.e_sports_roster_position	2
base.famouspets.pet_ownership	2
base.fictionaluniverse.fictional_inhabitation.inhabitor/base.fictionaluniverse.fictional_inhabitation.inhabited_character	2
base.fictionaluniverse.fictional_inhabitation.inhabitor/base.fictionaluniverse.fictional_inhabitation.type_of_inhabitation	2
base.fictionaluniverse.fictional_inhabitation.type_of_inhabitation/base.fictionaluniverse.fictional_inhabitation.inhabited_character	2
base.fictionaluniverse.fictional_spaceship_crewman_posting.crewman/base.fictionaluniverse.fictional_spaceship_crewman_posting.position	2
base.fictionaluniverse.fictional_spaceship_crewman_posting.spacecraft/base.fictionaluniverse.fictional_spaceship_crewman_posting.crewman	2
base.fictionaluniverse.fictional_spaceship_crewman_posting.spacecraft/base.fictionaluniverse.fictional_spaceship_crewman_posting.position	2
base.firsts.first_achievement.category/base.firsts.first_achievement.achievement	2
base.firsts.first_achievement.first/base.firsts.first_achievement.achievement	2
base.firsts.first_achievement.first/base.firsts.first_achievement.category	2
base.foodily.recipe_ingredient	2
base.formula1.formula_1_championship_standing	2
base.government2.elected_government_positions_held.district_represented/base.government2.elected_government_positions_held.jurisdiction	2
base.government2.elected_government_positions_held.officeholder/base.government2.elected_government_positions_held.district_represented	2
base.government2.elected_government_positions_held.officeholder/base.government2.elected_government_positions_held.jurisdiction	2
base.government2.legislative_position_held	2
base.greatfilms.ranking	2
base.handball.handball_disciplinary_action	2
base.handball.handball_player_match_participation.match/base.handball.handball_player_match_participation.player	2
base.handball.handball_player_match_participation.match/base.handball.handball_player_match_participation.team	2
base.handball.handball_player_match_participation.player/base.handball.handball_player_match_participation.team	2
base.handball.handball_roster_position.player/base.handball.handball_roster_position.position	2
base.handball.handball_roster_position.player/base.handball.handball_roster_position.team	2
base.handball.handball_roster_position.team/base.handball.handball_roster_position.position	2
base.handball.handball_team_match_participation	2
base.horseracing.race_results.jockey/base.horseracing.race_results.horse	2
base.horseracing.race_results.jockey/base.horseracing.race_results.race	2
base.horseracing.race_results.race/base.horseracing.race_results.horse	2
base.iceandfire.house_lordship	2
base.iceandfire.house_weapon_stint	2
base.iceandfire.possession	2
base.jamesbond007.villain_fate	2
base.jamesbond007.villain_objective	2
base.localfood.produce_availability	2
base.lostbase.episode_character_relationship	2
base.marchmadness.ncaa_basketball_final_four_broadcaster	2
base.marchmadness.ncaa_tournament_seed	2
base.militaryinfiction.force_strength_in_fiction.combatant/base.militaryinfiction.force_strength_in_fiction.military_conflict	2
base.militaryinfiction.force_strength_in_fiction.combatant/base.militaryinfiction.force_strength_in_fiction.resource	2
base.militaryinfiction.force_strength_in_fiction.combatant/base.militaryinfiction.force_strength_in_fiction.unit_if_known	2
base.militaryinfiction.force_strength_in_fiction.combatant/base.militaryinfiction.force_strength_in_fiction.work_of_fiction	2
base.militaryinfiction.force_strength_in_fiction.resource/base.militaryinfiction.force_strength_in_fiction.military_conflict	2
base.militaryinfiction.force_strength_in_fiction.resource/base.militaryinfiction.force_strength_in_fiction.unit_if_known	2
base.militaryinfiction.force_strength_in_fiction.unit_if_known/base.militaryinfiction.force_strength_in_fiction.military_conflict	2
base.militaryinfiction.force_strength_in_fiction.work_of_fiction/base.militaryinfiction.force_strength_in_fiction.military_conflict	2
base.militaryinfiction.force_strength_in_fiction.work_of_fiction/base.militaryinfiction.force_strength_in_fiction.resource	2
base.militaryinfiction.force_strength_in_fiction.work_of_fiction/base.militaryinfiction.force_strength_in_fiction.unit_if_known	2
base.militaryinfiction.military_casulaties_in_fiction.combatant/base.militaryinfiction.military_casulaties_in_fiction.military_conflict	2
base.militaryinfiction.military_casulaties_in_fiction.combatant/base.militaryinfiction.military_casulaties_in_fiction.work_of_fiction	2
base.militaryinfiction.military_casulaties_in_fiction.military_conflict/base.militaryinfiction.military_casulaties_in_fiction.work_of_fiction	2
base.militaryinfiction.military_casulaties_in_fiction.unit/base.militaryinfiction.military_casulaties_in_fiction.combatant	2
base.militaryinfiction.military_casulaties_in_fiction.unit/base.militaryinfiction.military_casulaties_in_fiction.military_conflict	2
base.militaryinfiction.military_casulaties_in_fiction.unit/base.militaryinfiction.military_casulaties_in_fiction.work_of_fiction	2
base.militaryinfiction.military_character_service.military_force/base.militaryinfiction.military_character_service.military_character	2
base.militaryinfiction.military_character_service.rank/base.militaryinfiction.military_character_service.military_character	2
base.militaryinfiction.military_character_service.rank/base.militaryinfiction.military_character_service.military_force	2
base.militaryinfiction.military_character_service.rank/base.militaryinfiction.military_character_service.unit	2
base.militaryinfiction.military_character_service.rank/base.militaryinfiction.military_character_service.work_of_fiction	2
base.militaryinfiction.military_character_service.unit/base.militaryinfiction.military_character_service.military_character	2
base.militaryinfiction.military_character_service.unit/base.militaryinfiction.military_character_service.military_force	2
base.militaryinfiction.military_character_service.unit/base.militaryinfiction.military_character_service.work_of_fiction	2
base.militaryinfiction.military_character_service.work_of_fiction/base.militaryinfiction.military_character_service.military_character	2
base.militaryinfiction.military_character_service.work_of_fiction/base.militaryinfiction.military_character_service.military_force	2
base.militaryinfiction.military_combatant_group_tenure_in_fiction.ally/base.militaryinfiction.military_combatant_group_tenure_in_fiction.military_alliance	2
base.militaryinfiction.military_combatant_group_tenure_in_fiction.ally/base.militaryinfiction.military_combatant_group_tenure_in_fiction.work_of_fiction	2
base.militaryinfiction.military_combatant_group_tenure_in_fiction.work_of_fiction/base.militaryinfiction.military_combatant_group_tenure_in_fiction.military_alliance	2
base.militaryinfiction.military_command_in_fiction.military_combatant/base.militaryinfiction.military_command_in_fiction.mentioned_in_works	2
base.militaryinfiction.military_command_in_fiction.military_commander/base.militaryinfiction.military_command_in_fiction.mentioned_in_works	2
base.militaryinfiction.military_command_in_fiction.military_commander/base.militaryinfiction.military_command_in_fiction.military_combatant	2
base.militaryinfiction.military_command_in_fiction.military_commander/base.militaryinfiction.military_command_in_fiction.military_conflict	2
base.militaryinfiction.military_command_in_fiction.military_commander/base.militaryinfiction.military_command_in_fiction.unit	2
base.militaryinfiction.military_command_in_fiction.military_conflict/base.militaryinfiction.military_command_in_fiction.mentioned_in_works	2
base.militaryinfiction.military_command_in_fiction.military_conflict/base.militaryinfiction.military_command_in_fiction.military_combatant	2
base.militaryinfiction.military_command_in_fiction.military_conflict/base.militaryinfiction.military_command_in_fiction.unit	2
base.militaryinfiction.military_command_in_fiction.unit/base.militaryinfiction.military_command_in_fiction.mentioned_in_works	2
base.militaryinfiction.military_command_in_fiction.unit/base.militaryinfiction.military_command_in_fiction.military_combatant	2
base.musicfestival.artist_festival_relationship	2
base.nascar.nascar_race_result	2
base.ontologies.ontology_class_mapping	2
base.ontologies.ontology_instance_mapping	2
base.partnersinflight.population_estimate.location/base.partnersinflight.population_estimate.source	2
base.partnersinflight.population_estimate.location/base.partnersinflight.population_estimate.species	2
base.partnersinflight.population_estimate.species/base.partnersinflight.population_estimate.source	2
base.patronage.patron_client_relationship	2
base.peleton.cycling_team_membership	2
base.peleton.historical_cycling_roster_position	2
base.petbreeds.dog_city_relationship	2
base.politicalconventions.convention_leadership.convention/base.politicalconventions.convention_leadership.leader	2
base.politicalconventions.convention_leadership.title/base.politicalconventions.convention_leadership.convention	2
base.politicalconventions.convention_leadership.title/base.politicalconventions.convention_leadership.leader	2
base.politicalconventions.pres_delegate_vote_tally	2
base.politicalconventions.vp_delegate_vote_tally	2
base.popstra.arrest.location/base.popstra.arrest.arrested_person	2
base.popstra.arrest.location/base.popstra.arrest.offense	2
base.popstra.arrest.offense/base.popstra.arrest.arrested_person	2
base.popstra.hangout	2
base.popstra.infidelity.participant/base.popstra.infidelity.victim	2
base.popstra.infidelity.perpetrator/base.popstra.infidelity.participant	2
base.popstra.infidelity.perpetrator/base.popstra.infidelity.victim	2
base.popstra.legal_dispute	2
base.popstra.operation	2
base.popstra.party_attendance_person	2
base.popstra.product_choice	2
base.popstra.public_insult	2
base.popstra.religion_choice	2
base.popstra.restaurant_choice	2
base.popstra.substance_abuse	2
base.popstra.support	2
base.popstra.vacation_choice	2
base.prison.imprisonment	2
base.productplacement.product_placement	2
base.represent.agent_celebrity_representation	2
base.rugby.rugby_club_tenure	2
base.rugby.rugby_coaching_tenure	2
base.saturdaynightlive.snl_movie_spin_off_cast_performance.snl_cast_member/base.saturdaynightlive.snl_movie_spin_off_cast_performance.character	2
base.saturdaynightlive.snl_movie_spin_off_cast_performance.snl_cast_member/base.saturdaynightlive.snl_movie_spin_off_cast_performance.snl_movie_spin_off	2
base.saturdaynightlive.snl_movie_spin_off_cast_performance.snl_movie_spin_off/base.saturdaynightlive.snl_movie_spin_off_cast_performance.character	2
base.saturdaynightlive.snl_season_tenure	2
base.schemastaging.athlete_salary.currency/base.schemastaging.athlete_salary.athlete	2
base.schemastaging.athlete_salary.team/base.schemastaging.athlete_salary.athlete	2
base.schemastaging.athlete_salary.team/base.schemastaging.athlete_salary.currency	2
base.schemastaging.coach_athlete_relationship	2
base.schemastaging.heya_wrestler_relationship	2
base.schemastaging.phone_sandbox.product_or_service/base.schemastaging.phone_sandbox.caller_category	2
base.schemastaging.phone_sandbox.product_or_service/base.schemastaging.phone_sandbox.service_location	2
base.schemastaging.phone_sandbox.service_language/base.schemastaging.phone_sandbox.caller_category	2
base.schemastaging.phone_sandbox.service_language/base.schemastaging.phone_sandbox.product_or_service	2
base.schemastaging.phone_sandbox.service_language/base.schemastaging.phone_sandbox.service_location	2
base.schemastaging.phone_sandbox.service_location/base.schemastaging.phone_sandbox.caller_category	2
base.schemastaging.religion_statistics	2
base.schemastaging.sports_league_season_ranking	2
base.schemastaging.team_training_ground_relationship	2
base.schemastaging.tv_star_dubbing_performance.character/base.schemastaging.tv_star_dubbing_performance.actor	2
base.schemastaging.tv_star_dubbing_performance.character/base.schemastaging.tv_star_dubbing_performance.program	2
base.schemastaging.tv_star_dubbing_performance.language/base.schemastaging.tv_star_dubbing_performance.actor	2
base.schemastaging.tv_star_dubbing_performance.language/base.schemastaging.tv_star_dubbing_performance.character	2
base.schemastaging.tv_star_dubbing_performance.language/base.schemastaging.tv_star_dubbing_performance.program	2
base.schemastaging.tv_star_dubbing_performance.program/base.schemastaging.tv_star_dubbing_performance.actor	2
base.sharing.sharing_relationship.locations/base.sharing.sharing_relationship.method	2
base.sharing.sharing_relationship.shares/base.sharing.sharing_relationship.locations	2
base.sharing.sharing_relationship.shares/base.sharing.sharing_relationship.method	2
base.siswimsuitmodels.si_swimsuit_appearance.model/base.siswimsuitmodels.si_swimsuit_appearance.shooting_locations	2
base.siswimsuitmodels.si_swimsuit_appearance.model/base.siswimsuitmodels.si_swimsuit_appearance.year	2
base.siswimsuitmodels.si_swimsuit_appearance.year/base.siswimsuitmodels.si_swimsuit_appearance.shooting_locations	2
base.skateboarding.brand_distribution_relationship	2
base.surfing.asp_world_tour_rating	2
base.survivor.survivor_placement	2
base.survivor.survivor_tribe_membership.contestant/base.survivor.survivor_tribe_membership.tribe	2
base.survivor.survivor_tribe_membership.episode_ended/base.survivor.survivor_tribe_membership.contestant	2
base.survivor.survivor_tribe_membership.episode_ended/base.survivor.survivor_tribe_membership.tribe	2
base.survivor.survivor_tribe_membership.episode_started/base.survivor.survivor_tribe_membership.contestant	2
base.survivor.survivor_tribe_membership.episode_started/base.survivor.survivor_tribe_membership.episode_ended	2
base.survivor.survivor_tribe_membership.episode_started/base.survivor.survivor_tribe_membership.tribe	2
base.theosbornboysaregrowing.trip.activities_undertaken/base.theosbornboysaregrowing.trip.mode_of_transport	2
base.theosbornboysaregrowing.trip.activities_undertaken/base.theosbornboysaregrowing.trip.people_visited	2
base.theosbornboysaregrowing.trip.activities_undertaken/base.theosbornboysaregrowing.trip.travelers	2
base.theosbornboysaregrowing.trip.destination/base.theosbornboysaregrowing.trip.activities_undertaken	2
base.theosbornboysaregrowing.trip.destination/base.theosbornboysaregrowing.trip.mode_of_transport	2
base.theosbornboysaregrowing.trip.destination/base.theosbornboysaregrowing.trip.people_visited	2
base.theosbornboysaregrowing.trip.destination/base.theosbornboysaregrowing.trip.travelers	2
base.theosbornboysaregrowing.trip.mode_of_transport/base.theosbornboysaregrowing.trip.people_visited	2
base.theosbornboysaregrowing.trip.mode_of_transport/base.theosbornboysaregrowing.trip.travelers	2
base.theosbornboysaregrowing.trip.travelers/base.theosbornboysaregrowing.trip.people_visited	2
base.thoroughbredracing.horse_owner_relationship	2
base.thoroughbredracing.horse_trainer_relationship	2
base.tournaments.group_competitor_relationship.competitor/base.tournaments.group_competitor_relationship.advanced_to	2
base.tournaments.group_competitor_relationship.competitor/base.tournaments.group_competitor_relationship.group	2
base.tournaments.group_competitor_relationship.group/base.tournaments.group_competitor_relationship.advanced_to	2
base.tournaments.match_competitor_relationship	2
base.trixtypes.stat	2
base.umltools.code_generation.programming_language/base.umltools.code_generation.diagram_types	2
base.umltools.code_generation.programming_language/base.umltools.code_generation.uml_tool	2
base.umltools.code_generation.uml_tool/base.umltools.code_generation.diagram_types	2
base.umltools.round_trip_engineering.programming_language/base.umltools.round_trip_engineering.uml_tool	2
base.umltools.round_trip_engineering.rt_type/base.umltools.round_trip_engineering.programming_language	2
base.umltools.round_trip_engineering.rt_type/base.umltools.round_trip_engineering.uml_tool	2
base.vgames.video_game_release.region/base.vgames.video_game_release.platform	2
base.vgames.video_game_release.video_game/base.vgames.video_game_release.platform	2
base.vgames.video_game_release.video_game/base.vgames.video_game_release.region	2
base.visleg.collaborative_participation.collaboration/base.visleg.collaborative_participation.collaborator	2
base.visleg.collaborative_participation.collaboration/base.visleg.collaborative_participation.role	2
base.visleg.collaborative_participation.role/base.visleg.collaborative_participation.collaborator	2
base.vwmtbase.vw_adapter_2_data_representation.to_data_representation/base.vwmtbase.vw_adapter_2_data_representation.from_adapter	2
base.vwmtbase.vw_adapter_2_data_representation.vw/base.vwmtbase.vw_adapter_2_data_representation.from_adapter	2
base.vwmtbase.vw_adapter_2_data_representation.vw/base.vwmtbase.vw_adapter_2_data_representation.to_data_representation	2
base.vwmtbase.vw_adapter_2_tranformation_agent.from_adapter/base.vwmtbase.vw_adapter_2_tranformation_agent.to_transformation_agent	2
base.vwmtbase.vw_adapter_2_tranformation_agent.from_adapter/base.vwmtbase.vw_adapter_2_tranformation_agent.vw	2
base.vwmtbase.vw_adapter_2_tranformation_agent.vw/base.vwmtbase.vw_adapter_2_tranformation_agent.to_transformation_agent	2
base.vwmtbase.vw_data_representation_2_transformation_agent.from_data_representation/base.vwmtbase.vw_data_representation_2_transformation_agent.to_transformation_agent	2
base.vwmtbase.vw_data_representation_2_transformation_agent.from_data_representation/base.vwmtbase.vw_data_representation_2_transformation_agent.vw	2
base.vwmtbase.vw_data_representation_2_transformation_agent.to_transformation_agent/base.vwmtbase.vw_data_representation_2_transformation_agent.vw	2
base.vwmtbase.vw_data_source_2_adapter.from_data_source/base.vwmtbase.vw_data_source_2_adapter.vw	2
base.vwmtbase.vw_data_source_2_adapter.to_adapter/base.vwmtbase.vw_data_source_2_adapter.from_data_source	2
base.vwmtbase.vw_data_source_2_adapter.to_adapter/base.vwmtbase.vw_data_source_2_adapter.vw	2
base.vwmtbase.vw_transformation_agent_2_data_representation.from_transformation_agent/base.vwmtbase.vw_transformation_agent_2_data_representation.vw	2
base.vwmtbase.vw_transformation_agent_2_data_representation.to_data_representation/base.vwmtbase.vw_transformation_agent_2_data_representation.from_transformation_agent	2
base.vwmtbase.vw_transformation_agent_2_data_representation.to_data_representation/base.vwmtbase.vw_transformation_agent_2_data_representation.vw	2
base.webvideo.internet_video_crew_gig.role/base.webvideo.internet_video_crew_gig.crewmember	2
base.webvideo.internet_video_crew_gig.video/base.webvideo.internet_video_crew_gig.crewmember	2
base.webvideo.internet_video_crew_gig.video/base.webvideo.internet_video_crew_gig.role	2
base.webvideo.internet_video_performance.actor/base.webvideo.internet_video_performance.character	2
base.webvideo.internet_video_performance.actor/base.webvideo.internet_video_performance.video	2
base.webvideo.internet_video_performance.character/base.webvideo.internet_video_performance.video	2
base.webvideo.internet_video_producer_credit	2
base.webvideo.internet_video_regular_performance.actor/base.webvideo.internet_video_regular_performance.character	2
base.webvideo.internet_video_regular_performance.actor/base.webvideo.internet_video_regular_performance.series	2
base.webvideo.internet_video_regular_performance.series/base.webvideo.internet_video_regular_performance.character	2
base.webvideo.internet_video_series_crew_gig.crewmember/base.webvideo.internet_video_series_crew_gig.role	2
base.webvideo.internet_video_series_crew_gig.crewmember/base.webvideo.internet_video_series_crew_gig.series	2
base.webvideo.internet_video_series_crew_gig.role/base.webvideo.internet_video_series_crew_gig.series	2
base.webvideo.internet_video_series_producer_credit	2
base.wrestling.championship_title_reign	2
base.x2010fifaworldcupsouthafrica.current_world_cup_squad.current_club/base.x2010fifaworldcupsouthafrica.current_world_cup_squad.national_team	2
base.x2010fifaworldcupsouthafrica.current_world_cup_squad.players/base.x2010fifaworldcupsouthafrica.current_world_cup_squad.current_club	2
base.x2010fifaworldcupsouthafrica.current_world_cup_squad.players/base.x2010fifaworldcupsouthafrica.current_world_cup_squad.national_team	2
base.x2010fifaworldcupsouthafrica.current_world_cup_squad.position/base.x2010fifaworldcupsouthafrica.current_world_cup_squad.current_club	2
base.x2010fifaworldcupsouthafrica.current_world_cup_squad.position/base.x2010fifaworldcupsouthafrica.current_world_cup_squad.national_team	2
base.x2010fifaworldcupsouthafrica.current_world_cup_squad.position/base.x2010fifaworldcupsouthafrica.current_world_cup_squad.players	2
base.x2010fifaworldcupsouthafrica.group_qualifying_teams	2
base.x2010fifaworldcupsouthafrica.host_cities.venue/base.x2010fifaworldcupsouthafrica.host_cities.cities	2
base.x2010fifaworldcupsouthafrica.host_cities.venue/base.x2010fifaworldcupsouthafrica.host_cities.world_cup_event	2
base.x2010fifaworldcupsouthafrica.host_cities.world_cup_event/base.x2010fifaworldcupsouthafrica.host_cities.cities	2
base.x2010fifaworldcupsouthafrica.world_cup_qualifying_team.qualifying_group/base.x2010fifaworldcupsouthafrica.world_cup_qualifying_team.national_team	2
base.x2010fifaworldcupsouthafrica.world_cup_qualifying_team.qualifying_group/base.x2010fifaworldcupsouthafrica.world_cup_qualifying_team.world_cup_qualification	2
base.x2010fifaworldcupsouthafrica.world_cup_qualifying_team.world_cup_qualification/base.x2010fifaworldcupsouthafrica.world_cup_qualifying_team.national_team	2
base.x2010fifaworldcupsouthafrica.world_cup_team.national_team/base.x2010fifaworldcupsouthafrica.world_cup_team.qualification_group	2
base.x2010fifaworldcupsouthafrica.world_cup_team.world_cup/base.x2010fifaworldcupsouthafrica.world_cup_team.national_team	2
base.x2010fifaworldcupsouthafrica.world_cup_team.world_cup/base.x2010fifaworldcupsouthafrica.world_cup_team.qualification_group	2
base.yalebase.secret_society_membership	2
baseball.baseball_historical_managerial_position	2
baseball.baseball_team_stats	2
baseball.batting_statistics.season/baseball.batting_statistics.player	2
baseball.batting_statistics.team/baseball.batting_statistics.player	2
baseball.batting_statistics.team/baseball.batting_statistics.season	2
baseball.current_coaching_tenure.baseball_coach/baseball.current_coaching_tenure.coaching_position	2
baseball.current_coaching_tenure.baseball_team/baseball.current_coaching_tenure.baseball_coach	2
baseball.current_coaching_tenure.baseball_team/baseball.current_coaching_tenure.coaching_position	2
baseball.historical_coaching_tenure.baseball_coach/baseball.historical_coaching_tenure.baseball_team	2
baseball.historical_coaching_tenure.baseball_coach/baseball.historical_coaching_tenure.coaching_position	2
baseball.historical_coaching_tenure.baseball_team/baseball.historical_coaching_tenure.coaching_position	2
baseball.lifetime_batting_statistics.ending_season/baseball.lifetime_batting_statistics.starting_season	2
baseball.lifetime_batting_statistics.last_statistics_season/baseball.lifetime_batting_statistics.ending_season	2
baseball.lifetime_batting_statistics.last_statistics_season/baseball.lifetime_batting_statistics.starting_season	2
baseball.lifetime_batting_statistics.player/baseball.lifetime_batting_statistics.ending_season	2
baseball.lifetime_batting_statistics.player/baseball.lifetime_batting_statistics.last_statistics_season	2
baseball.lifetime_batting_statistics.player/baseball.lifetime_batting_statistics.starting_season	2
basketball.basketball_historical_coach_position	2
basketball.basketball_player_stats.player/basketball.basketball_player_stats.team	2
basketball.basketball_player_stats.season/basketball.basketball_player_stats.player	2
basketball.basketball_player_stats.season/basketball.basketball_player_stats.team	2
basketball.basketball_team_stats	2
biology.animal_ownership	2
biology.breed_registration.breed/biology.breed_registration.breed_group	2
biology.breed_registration.breed/biology.breed_registration.registry	2
biology.breed_registration.registry/biology.breed_registration.breed_group	2
biology.hybrid_parentage	2
biology.organism_classification_placement.higher_classification/biology.organism_classification_placement.lower_classification	2
biology.organism_classification_placement.higher_classification/biology.organism_classification_placement.taxonomic_authority	2
biology.organism_classification_placement.lower_classification/biology.organism_classification_placement.taxonomic_authority	2
boats.ship_ownership	2
book.contents	2
book.editorial_tenure.periodical/book.editorial_tenure.editor	2
book.editorial_tenure.title/book.editorial_tenure.editor	2
book.editorial_tenure.title/book.editorial_tenure.periodical	2
book.journal_publication	2
book.periodical_publisher_period	2
book.publisher_imprint_tenure	2
broadcast.radio_affiliation_duration	2
broadcast.tv_affiliation_duration	2
business.asset_ownership	2
business.brand_colors	2
business.company_brand_relationship	2
business.company_product_line_relationship	2
business.company_product_relationship	2
business.competitive_space_mediator.brand/business.competitive_space_mediator.company	2
business.competitive_space_mediator.brand/business.competitive_space_mediator.space	2
business.competitive_space_mediator.company/business.competitive_space_mediator.space	2
business.market_share.company/business.market_share.region	2
business.market_share.company/business.market_share.space	2
business.market_share.space/business.market_share.region	2
business.market_size	2
business.open_times.time_zone/business.open_times.weekday_start	2
business.open_times.weekday_end/business.open_times.time_zone	2
business.open_times.weekday_end/business.open_times.weekday_start	2
business.product_endorsement.endorser/business.product_endorsement.endorsee	2
business.product_endorsement.product/business.product_endorsement.endorsee	2
business.product_endorsement.product/business.product_endorsement.endorser	2
business.sponsorship	2
celebrities.substance_abuse_problem	2
chemistry.solubility_relationship	2
comic_strips.comic_strip_creator_duration	2
comic_strips.comic_strip_syndicate_duration	2
computer.os_compatibility	2
computer.software_compatibility	2
cricket.cricket_roster_batting.bowled/cricket.cricket_roster_batting.dismissal_type	2
cricket.cricket_roster_batting.bowled/cricket.cricket_roster_batting.player	2
cricket.cricket_roster_batting.bowled/cricket.cricket_roster_batting.roster	2
cricket.cricket_roster_batting.dismissed_by/cricket.cricket_roster_batting.bowled	2
cricket.cricket_roster_batting.dismissed_by/cricket.cricket_roster_batting.dismissal_type	2
cricket.cricket_roster_batting.dismissed_by/cricket.cricket_roster_batting.player	2
cricket.cricket_roster_batting.dismissed_by/cricket.cricket_roster_batting.roster	2
cricket.cricket_roster_batting.player/cricket.cricket_roster_batting.dismissal_type	2
cricket.cricket_roster_batting.player/cricket.cricket_roster_batting.roster	2
cricket.cricket_roster_batting.roster/cricket.cricket_roster_batting.dismissal_type	2
cricket.cricket_roster_bowling	2
cvg.game_performance.character/cvg.game_performance.voice_actor	2
cvg.game_performance.game/cvg.game_performance.character	2
cvg.game_performance.game/cvg.game_performance.voice_actor	2
cvg.musical_game_song_relationship.platforms/cvg.musical_game_song_relationship.game	2
cvg.musical_game_song_relationship.song/cvg.musical_game_song_relationship.game	2
cvg.musical_game_song_relationship.song/cvg.musical_game_song_relationship.platforms	2
dining.restaurant_chef_association	2
education.academic_post	2
education.education.degree/education.education.institution	2
education.education.degree/education.education.major_field_of_study	2
education.education.degree/education.education.minor	2
education.education.degree/education.education.specialization	2
education.education.degree/education.education.student	2
education.education.institution/education.education.major_field_of_study	2
education.education.institution/education.education.minor	2
education.education.institution/education.education.specialization	2
education.education.institution/education.education.student	2
education.education.major_field_of_study/education.education.minor	2
education.education.major_field_of_study/education.education.student	2
education.education.specialization/education.education.major_field_of_study	2
education.education.specialization/education.education.minor	2
education.education.specialization/education.education.student	2
education.education.student/education.education.minor	2
education.honorary_degree.degree/education.honorary_degree.institution	2
education.honorary_degree.recipient/education.honorary_degree.degree	2
education.honorary_degree.recipient/education.honorary_degree.institution	2
fashion.clothing_size.article_of_clothing/fashion.clothing_size.person	2
fashion.clothing_size.article_of_clothing/fashion.clothing_size.region	2
fashion.clothing_size.person/fashion.clothing_size.region	2
fashion.designer_label_association	2
fictional_universe.fictional_employment_tenure.employee/fictional_universe.fictional_employment_tenure.employer	2
fictional_universe.fictional_employment_tenure.title/fictional_universe.fictional_employment_tenure.employee	2
fictional_universe.fictional_employment_tenure.title/fictional_universe.fictional_employment_tenure.employer	2
film.dubbing_performance.character/film.dubbing_performance.actor	2
film.dubbing_performance.character/film.dubbing_performance.film	2
film.dubbing_performance.film/film.dubbing_performance.actor	2
film.dubbing_performance.language/film.dubbing_performance.actor	2
film.dubbing_performance.language/film.dubbing_performance.character	2
film.dubbing_performance.language/film.dubbing_performance.film	2
film.film_crew_gig.crewmember/film.film_crew_gig.film	2
film.film_crew_gig.crewmember/film.film_crew_gig.film_crew_role	2
film.film_crew_gig.film/film.film_crew_gig.film_crew_role	2
film.film_cut	2
film.film_film_company_relationship.film/film.film_film_company_relationship.role_service	2
film.film_film_company_relationship.film_company/film.film_film_company_relationship.film	2
film.film_film_company_relationship.film_company/film.film_film_company_relationship.role_service	2
film.film_film_distributor_relationship.distributor/film.film_film_distributor_relationship.film	2
film.film_film_distributor_relationship.distributor/film.film_film_distributor_relationship.region	2
film.film_film_distributor_relationship.film/film.film_film_distributor_relationship.region	2
film.film_regional_release_date	2
film.performance.character/film.performance.actor	2
film.performance.character/film.performance.film	2
film.performance.film/film.performance.actor	2
film.personal_film_appearance	2
finance.exchange_rate	2
food.beer_containment	2
food.recipe_ingredient.ingredient/food.recipe_ingredient.recipe	2
food.recipe_ingredient.ingredient/food.recipe_ingredient.unit	2
food.recipe_ingredient.recipe/food.recipe_ingredient.unit	2
freebase.metaweb_api_service_argument	2
government.government_position_held.appointed_by/government.government_position_held.jurisdiction_of_office	2
government.government_position_held.appointed_by/government.government_position_held.legislative_sessions	2
government.government_position_held.district_represented/government.government_position_held.appointed_by	2
government.government_position_held.district_represented/government.government_position_held.governmental_body	2
government.government_position_held.district_represented/government.government_position_held.jurisdiction_of_office	2
government.government_position_held.district_represented/government.government_position_held.legislative_sessions	2
government.government_position_held.governmental_body/government.government_position_held.appointed_by	2
government.government_position_held.governmental_body/government.government_position_held.jurisdiction_of_office	2
government.government_position_held.governmental_body/government.government_position_held.legislative_sessions	2
government.government_position_held.legislative_sessions/government.government_position_held.jurisdiction_of_office	2
government.legislative_election_results	2
government.national_anthem_of_a_country	2
interests.collection.category/interests.collection.collector	2
interests.collection.items/interests.collection.category	2
interests.collection.items/interests.collection.collector	2
law.judicial_tenure.court/law.judicial_tenure.judge	2
law.judicial_tenure.court/law.judicial_tenure.title	2
law.judicial_tenure.judge/law.judicial_tenure.title	2
law.legal_case_party_relationship.case/law.legal_case_party_relationship.parties	2
law.legal_case_party_relationship.role/law.legal_case_party_relationship.case	2
law.legal_case_party_relationship.role/law.legal_case_party_relationship.parties	2
location.location_symbol_relationship	2
location.mailing_address.country/location.mailing_address.citytown	2
location.mailing_address.country/location.mailing_address.postal_code	2
location.mailing_address.country/location.mailing_address.state_province_region	2
location.mailing_address.postal_code/location.mailing_address.citytown	2
location.mailing_address.state_province_region/location.mailing_address.citytown	2
location.mailing_address.state_province_region/location.mailing_address.postal_code	2
location.partial_containment_relationship	2
measurement_unit.dated_money_value	2
media_common.dedication.dedicated_by/media_common.dedication.dedicated_to	2
media_common.dedication.dedicated_by/media_common.dedication.work_dedicated	2
media_common.dedication.dedicated_to/media_common.dedication.work_dedicated	2
military.force_strength.combatant/military.force_strength.military_conflict	2
military.force_strength.resource/military.force_strength.combatant	2
military.force_strength.resource/military.force_strength.military_conflict	2
military.military_combatant_group	2
military.military_command.military_combatant/military.military_command.military_commander	2
military.military_command.military_combatant/military.military_command.military_conflict	2
military.military_command.military_conflict/military.military_command.military_commander	2
military.military_post_use	2
military.military_posting	2
military.military_service.military_force/military.military_service.unit	2
military.military_service.military_person/military.military_service.military_force	2
military.military_service.military_person/military.military_service.rank	2
military.military_service.military_person/military.military_service.unit	2
military.military_service.rank/military.military_service.military_force	2
military.military_service.rank/military.military_service.unit	2
music.concert_performance.band_members/music.concert_performance.artist	2
music.concert_performance.band_members/music.concert_performance.concert	2
music.concert_performance.concert/music.concert_performance.artist	2
music.conducting_tenure	2
music.group_membership.member/music.group_membership.group	2
music.group_membership.role/music.group_membership.group	2
music.group_membership.role/music.group_membership.member	2
music.music_video_performance	2
music.recording_contribution.contributor/music.recording_contribution.album	2
music.recording_contribution.contributor/music.recording_contribution.performance_role	2
music.recording_contribution.performance_role/music.recording_contribution.album	2
music.track_contribution	2
olympics.olympic_athlete_affiliation.athlete/olympics.olympic_athlete_affiliation.olympics	2
olympics.olympic_athlete_affiliation.country/olympics.olympic_athlete_affiliation.athlete	2
olympics.olympic_athlete_affiliation.country/olympics.olympic_athlete_affiliation.olympics	2
olympics.olympic_city_bid	2
olympics.olympic_medal_honor.country/olympics.olympic_medal_honor.event	2
olympics.olympic_medal_honor.country/olympics.olympic_medal_honor.medalist	2
olympics.olympic_medal_honor.medalist/olympics.olympic_medal_honor.event	2
olympics.olympic_medal_honor.olympics/olympics.olympic_medal_honor.country	2
olympics.olympic_medal_honor.olympics/olympics.olympic_medal_honor.event	2
olympics.olympic_medal_honor.olympics/olympics.olympic_medal_honor.medalist	2
olympics.olympic_torch_relay.olympics/olympics.olympic_torch_relay.location	2
olympics.olympic_torch_relay.torchbearer/olympics.olympic_torch_relay.location	2
olympics.olympic_torch_relay.torchbearer/olympics.olympic_torch_relay.olympics	2
opera.opera_character_voice	2
opera.opera_designer_gig.design_role/opera.opera_designer_gig.designer	2
opera.opera_designer_gig.design_role/opera.opera_designer_gig.opera	2
opera.opera_designer_gig.opera/opera.opera_designer_gig.designer	2
opera.opera_production_venue_relationship	2
organization.leadership	2
organization.organization_membership	2
people.appointment.appointed_by/people.appointment.appointed_role	2
people.appointment.appointed_by/people.appointment.appointee	2
people.appointment.appointed_role/people.appointment.appointee	2
people.group_membership	2
people.human_measurement	2
people.marriage	2
projects.project_participation.participant/projects.project_participation.project	2
projects.project_participation.participant/projects.project_participation.role	2
projects.project_participation.project/projects.project_participation.role	2
protected_sites.natural_or_cultural_site_listing.category_or_criteria/protected_sites.natural_or_cultural_site_listing.designation	2
protected_sites.natural_or_cultural_site_listing.category_or_criteria/protected_sites.natural_or_cultural_site_listing.listed_site	2
protected_sites.natural_or_cultural_site_listing.designation/protected_sites.natural_or_cultural_site_listing.listed_site	2
rail.railway_operator_relationship	2
religion.place_of_worship_historical_use	2
religion.religious_leadership_jurisdiction_appointment	2
royalty.chivalric_order_membership.order/royalty.chivalric_order_membership.presented_by	2
royalty.chivalric_order_membership.order/royalty.chivalric_order_membership.recipient	2
royalty.chivalric_order_membership.order/royalty.chivalric_order_membership.title	2
royalty.chivalric_order_membership.presented_by/royalty.chivalric_order_membership.recipient	2
royalty.chivalric_order_membership.title/royalty.chivalric_order_membership.presented_by	2
royalty.chivalric_order_membership.title/royalty.chivalric_order_membership.recipient	2
royalty.chivalric_order_relationship.higher_order/royalty.chivalric_order_relationship.lower_order	2
royalty.chivalric_order_relationship.higher_order/royalty.chivalric_order_relationship.system_of_nobility	2
royalty.chivalric_order_relationship.lower_order/royalty.chivalric_order_relationship.system_of_nobility	2
royalty.noble_title_tenure	2
royalty.precedence.higher_rank/royalty.precedence.system	2
royalty.precedence.lower_rank/royalty.precedence.higher_rank	2
royalty.precedence.lower_rank/royalty.precedence.system	2
royalty.system_order_relationship	2
royalty.system_rank_relationship	2
royalty.system_title_relationship	2
soccer.football_disciplinary_action	2
soccer.football_goal.match/soccer.football_goal.point_awarded_to	2
soccer.football_goal.scorer/soccer.football_goal.match	2
soccer.football_goal.scorer/soccer.football_goal.point_awarded_to	2
soccer.football_league_participation.from/soccer.football_league_participation.league	2
soccer.football_league_participation.from/soccer.football_league_participation.team	2
soccer.football_league_participation.from/soccer.football_league_participation.to	2
soccer.football_league_participation.team/soccer.football_league_participation.league	2
soccer.football_league_participation.to/soccer.football_league_participation.league	2
soccer.football_league_participation.to/soccer.football_league_participation.team	2
soccer.football_player_loan.lending_team/soccer.football_player_loan.borrowing_team	2
soccer.football_player_loan.player/soccer.football_player_loan.borrowing_team	2
soccer.football_player_loan.player/soccer.football_player_loan.lending_team	2
soccer.football_player_match_participation.player/soccer.football_player_match_participation.match	2
soccer.football_player_match_participation.team/soccer.football_player_match_participation.match	2
soccer.football_player_match_participation.team/soccer.football_player_match_participation.player	2
soccer.football_player_stats	2
soccer.football_player_substitution.match/soccer.football_player_substitution.off	2
soccer.football_player_substitution.on/soccer.football_player_substitution.match	2
soccer.football_player_substitution.on/soccer.football_player_substitution.off	2
soccer.football_team_management_tenure	2
soccer.football_team_manager_match_participation.match/soccer.football_team_manager_match_participation.manager	2
soccer.football_team_manager_match_participation.match/soccer.football_team_manager_match_participation.team	2
soccer.football_team_manager_match_participation.team/soccer.football_team_manager_match_participation.manager	2
spaceflight.rocket_stage.engine/spaceflight.rocket_stage.fuel	2
spaceflight.rocket_stage.engine/spaceflight.rocket_stage.rocket	2
spaceflight.rocket_stage.fuel/spaceflight.rocket_stage.rocket	2
sports.competitor_country_relationship.competitor/sports.competitor_country_relationship.country	2
sports.competitor_country_relationship.competitor/sports.competitor_country_relationship.sports	2
sports.competitor_country_relationship.competitor/sports.competitor_country_relationship.tournament	2
sports.competitor_country_relationship.sports/sports.competitor_country_relationship.country	2
sports.competitor_country_relationship.tournament/sports.competitor_country_relationship.country	2
sports.competitor_country_relationship.tournament/sports.competitor_country_relationship.sports	2
sports.pro_sports_played	2
sports.sports_award.award_winner/sports.sports_award.award	2
sports.sports_award.award_winner/sports.sports_award.team	2
sports.sports_award.season/sports.sports_award.award	2
sports.sports_award.season/sports.sports_award.award_winner	2
sports.sports_award.season/sports.sports_award.team	2
sports.sports_award.team/sports.sports_award.award	2
sports.sports_league_draft_pick.player/sports.sports_league_draft_pick.draft	2
sports.sports_league_draft_pick.player/sports.sports_league_draft_pick.school	2
sports.sports_league_draft_pick.player/sports.sports_league_draft_pick.team	2
sports.sports_league_draft_pick.school/sports.sports_league_draft_pick.draft	2
sports.sports_league_draft_pick.school/sports.sports_league_draft_pick.team	2
sports.sports_league_draft_pick.team/sports.sports_league_draft_pick.draft	2
sports.sports_league_participation.from/sports.sports_league_participation.league	2
sports.sports_league_participation.from/sports.sports_league_participation.team	2
sports.sports_league_participation.from/sports.sports_league_participation.to	2
sports.sports_league_participation.league/sports.sports_league_participation.team	2
sports.sports_league_participation.league/sports.sports_league_participation.to	2
sports.sports_league_participation.to/sports.sports_league_participation.team	2
sports.sports_team_coach_tenure	2
sports.sports_team_roster	2
sports.sports_team_season_record	2
sports.team_venue_relationship	2
tennis.tennis_match.event/tennis.tennis_match.winner	2
tennis.tennis_match.loser/tennis.tennis_match.event	2
tennis.tennis_match.loser/tennis.tennis_match.winner	2
tennis.tennis_tournament_championship	2
theater.theater_designer_gig.design_role/theater.theater_designer_gig.designer	2
theater.theater_designer_gig.design_role/theater.theater_designer_gig.play	2
theater.theater_designer_gig.designer/theater.theater_designer_gig.play	2
theater.theater_production_staff_gig.play/theater.theater_production_staff_gig.production_role	2
theater.theater_production_staff_gig.play/theater.theater_production_staff_gig.staff_member	2
theater.theater_production_staff_gig.staff_member/theater.theater_production_staff_gig.production_role	2
theater.theater_production_venue_relationship	2
theater.theater_role.actor/theater.theater_role.play	2
theater.theater_role.actor/theater.theater_role.role	2
theater.theater_role.role/theater.theater_role.play	2
transportation.road_starting_point	2
travel.hotel_grade	2
travel.hotel_guest_visit	2
travel.transportation.mode_of_transportation/travel.transportation.transport_operator	2
travel.transportation.transport_terminus/travel.transportation.mode_of_transportation	2
travel.transportation.transport_terminus/travel.transportation.transport_operator	2
travel.transportation.travel_destination/travel.transportation.mode_of_transportation	2
travel.transportation.travel_destination/travel.transportation.transport_operator	2
travel.transportation.travel_destination/travel.transportation.transport_terminus	2
travel.travel_destination_monthly_climate	2
tv.regular_tv_appearance.actor/tv.regular_tv_appearance.character	2
tv.regular_tv_appearance.actor/tv.regular_tv_appearance.seasons	2
tv.regular_tv_appearance.actor/tv.regular_tv_appearance.series	2
tv.regular_tv_appearance.character/tv.regular_tv_appearance.seasons	2
tv.regular_tv_appearance.character/tv.regular_tv_appearance.series	2
tv.regular_tv_appearance.seasons/tv.regular_tv_appearance.series	2
tv.tv_crew_gig.crewmember/tv.tv_crew_gig.episode	2
tv.tv_crew_gig.crewmember/tv.tv_crew_gig.tv_crew_role	2
tv.tv_crew_gig.tv_crew_role/tv.tv_crew_gig.episode	2
tv.tv_guest_personal_appearance	2
tv.tv_guest_role.actor/tv.tv_guest_role.character	2
tv.tv_guest_role.episodes_appeared_in/tv.tv_guest_role.actor	2
tv.tv_guest_role.episodes_appeared_in/tv.tv_guest_role.character	2
tv.tv_network_duration	2
tv.tv_producer_episode_credit	2
tv.tv_producer_term	2
tv.tv_program_writer_relationship	2
tv.tv_regular_personal_appearance.program/tv.tv_regular_personal_appearance.person	2
tv.tv_regular_personal_appearance.program/tv.tv_regular_personal_appearance.seasons	2
tv.tv_regular_personal_appearance.seasons/tv.tv_regular_personal_appearance.person	2
tv.tv_segment_performance.character/tv.tv_segment_performance.actor	2
tv.tv_segment_performance.character/tv.tv_segment_performance.segment	2
tv.tv_segment_performance.segment/tv.tv_segment_performance.actor	2
tv.tv_segment_personal_appearance	2
user.ajain.default_domain.admission_requirements.academic_institution/user.ajain.default_domain.admission_requirements.degree	2
user.ajain.default_domain.admission_requirements.academic_institution/user.ajain.default_domain.admission_requirements.degree_requirement	2
user.ajain.default_domain.admission_requirements.academic_institution/user.ajain.default_domain.admission_requirements.department	2
user.ajain.default_domain.admission_requirements.academic_institution/user.ajain.default_domain.admission_requirements.major_requirement	2
user.ajain.default_domain.admission_requirements.academic_institution/user.ajain.default_domain.admission_requirements.standardized_test_requirement	2
user.ajain.default_domain.admission_requirements.degree_requirement/user.ajain.default_domain.admission_requirements.degree	2
user.ajain.default_domain.admission_requirements.degree_requirement/user.ajain.default_domain.admission_requirements.department	2
user.ajain.default_domain.admission_requirements.degree_requirement/user.ajain.default_domain.admission_requirements.major_requirement	2
user.ajain.default_domain.admission_requirements.department/user.ajain.default_domain.admission_requirements.degree	2
user.ajain.default_domain.admission_requirements.major_requirement/user.ajain.default_domain.admission_requirements.degree	2
user.ajain.default_domain.admission_requirements.major_requirement/user.ajain.default_domain.admission_requirements.department	2
user.ajain.default_domain.admission_requirements.standardized_test_requirement/user.ajain.default_domain.admission_requirements.degree	2
user.ajain.default_domain.admission_requirements.standardized_test_requirement/user.ajain.default_domain.admission_requirements.degree_requirement	2
user.ajain.default_domain.admission_requirements.standardized_test_requirement/user.ajain.default_domain.admission_requirements.department	2
user.ajain.default_domain.admission_requirements.standardized_test_requirement/user.ajain.default_domain.admission_requirements.major_requirement	2
user.ajain.default_domain.app_deadline.academic_institution/user.ajain.default_domain.app_deadline.degree	2
user.ajain.default_domain.app_deadline.academic_institution/user.ajain.default_domain.app_deadline.program	2
user.ajain.default_domain.app_deadline.program/user.ajain.default_domain.app_deadline.degree	2
user.alecf.car_sharing.vehicle_location_value.location/user.alecf.car_sharing.vehicle_location_value.metro_agency	2
user.alecf.car_sharing.vehicle_location_value.vehicle/user.alecf.car_sharing.vehicle_location_value.location	2
user.alecf.car_sharing.vehicle_location_value.vehicle/user.alecf.car_sharing.vehicle_location_value.metro_agency	2
user.alecf.recreation.park_feature_quantity	2
user.alexbl.congressional_voting_records.congressional_vote	2
user.alexbl.honorary_title.honorary_title_holding.conferred_by/user.alexbl.honorary_title.honorary_title_holding.conferred_upon	2
user.alexbl.honorary_title.honorary_title_holding.conferred_by/user.alexbl.honorary_title.honorary_title_holding.honorary_title	2
user.alexbl.honorary_title.honorary_title_holding.conferred_upon/user.alexbl.honorary_title.honorary_title_holding.honorary_title	2
user.arielb.stalag.prisoners	2
user.cip22.default_domain.musical_contribution.plays/user.cip22.default_domain.musical_contribution.musician	2
user.cip22.default_domain.musical_contribution.plays/user.cip22.default_domain.musical_contribution.track	2
user.cip22.default_domain.musical_contribution.track/user.cip22.default_domain.musical_contribution.musician	2
user.micahsaul.advertising.ad_campaign_contribution	2
user.micahsaul.advertising.ad_contribution	2
user.pak21.default_domain.sports_squad	2
user.robert.area_codes.coverage	2
user.robert.default_domain.film_review	2
user.robert.earthquakes.earthquake_nearest_location	2
user.robert.mobile_phones.regional_submodel.mobile_phone/user.robert.mobile_phones.regional_submodel.band	2
user.robert.mobile_phones.regional_submodel.mobile_phone/user.robert.mobile_phones.regional_submodel.region	2
user.robert.mobile_phones.regional_submodel.region/user.robert.mobile_phones.regional_submodel.band	2
user.robert.performance.performance.other_performers/user.robert.performance.performance.headliner	2
user.robert.performance.performance.other_performers/user.robert.performance.performance.venue	2
user.robert.performance.performance.venue/user.robert.performance.performance.headliner	2
user.sandos.social.has_visited	2
user.skud.embassies_and_consulates.ambassadorial_tenure.ambassador/user.skud.embassies_and_consulates.ambassadorial_tenure.attached_to_embassy	2
user.skud.embassies_and_consulates.ambassadorial_tenure.to_countries/user.skud.embassies_and_consulates.ambassadorial_tenure.ambassador	2
user.skud.embassies_and_consulates.ambassadorial_tenure.to_countries/user.skud.embassies_and_consulates.ambassadorial_tenure.attached_to_embassy	2
user.szaijan.fantasy_football.projection.player/user.szaijan.fantasy_football.projection.scoring	2
user.szaijan.fantasy_football.projection.season/user.szaijan.fantasy_football.projection.player	2
user.szaijan.fantasy_football.projection.season/user.szaijan.fantasy_football.projection.scoring	2
user.tsegaran.random.taxonomy_entry	2
user.ungzd.default_domain.eurovision_vote	2
user.uoa_it.uoa_it.uoa_collaboration	2
visual_art.artwork_location_relationship	2
visual_art.artwork_owner_relationship	2
wine.grape_variety_composition	2
